table_schema,table_name
FH,FHAPCheckPrintTemplates
FH,FHAPFinalizedRunDatas
FH,FHAPInvoiceAccountLineCreditAmountLogs
FH,FHAPInvoiceAccountLineDatas
FH,FHAPInvoiceCheckDatas
FH,FHAPInvoiceCheckPrintDatas
FH,FHAPInvoiceCheckPrintLogs
FH,FHAPInvoiceCreditAppliedDatas
FH,FHAPInvoiceDatas
FH,FHAPInvoiceNachaDatas
FH,FHAPInvoiceNachaDetailDatas
FH,FHAPInvoiceNachalogs
FH,FHAPInvoiceNoteAttachmentDatas
FH,FHAPInvoiceNotesDatas
FH,FHAPParameterSettings
FH,FHAPParameterSettingsInformations
FH,FHAPPrintDataLogs
FH,FHAPRunBankTransactionMappingDatas
FH,FHAPRunJournalMappingDatas
FH,FHARParameterSettings
FH,FHARParameterSettingsInformations
FH,FHARPaymentTypes
FH,FHAccountBreakConfigurations
FH,FHAccountLineBalanceTypes
FH,FHAccountLineBreakDatas
FH,FHAccountLineRangeConfigurations
FH,FHAccountLineStatementTypes
FH,FHAccountTypeLineBreakFormats
FH,FHAccountingSettings
FH,FHAccountsPaybleExportDatas
FH,FHActivityAccountBreakDatas
FH,FHAuditTrails
FH,FHBankAccountSetupDatas
FH,FHBankPositivePay
FH,FHBankReconcileStatementDatas
FH,FHBankReconcileTransactionMappingDatas
FH,FHBankTransactionDatas
FH,FHBankTransactionFundDatas
FH,FHBankTransactionTypeDatas
FH,FHBookDatas
FH,FHCashBalanceByBankAccountDatas
FH,FHCashLineSetupDatas
FH,FHCashReportGeneratedBankDatas
FH,FHCashReportGeneratedBankOutstandingDatas
FH,FHCashReportGeneratedGLAccountDatas
FH,FHCashReportGeneratedLogs
FH,FHCreditCardDepositGLDistributionDatas
FH,FHDepartmentAccountBreakDatas
FH,FHDistributionIdSetupDatas
FH,FHExportCsvDatas
FH,FHExportCsvLogDatas
FH,FHFinalizeBudgetHistoryDatas
FH,FHFinalizeBudgetStatusDatas
FH,FHFontFamilyDatas
FH,FHFontSizes
FH,FHFonts
FH,FHFrontDeskPayrixFundingDatas
FH,FHFrontDeskPayrixFundingTransactionDatas
FH,FHFundAccountBreakDatas
FH,FHFundDepartmentRangeMappings
FH,FHGLAccountDatas
FH,FHGLBankCashLineDatas
FH,FHGLBankTransferDatas
FH,FHGLBudgetAmendLogs
FH,FHGLBudgetDatas
FH,FHGLEntryDatas
FH,FHGLEntryRecurringDatas
FH,FHGLEntryTemplateDatas
FH,FHGLJournalDatas
FH,FHGLJournalRecurringDatas
FH,FHGLJournalRecurringSchedules
FH,FHGLJournalTemplateDatas
FH,FHGLJournalTemplates
FH,FHGLParameterSettings
FH,FHGLParameterSettingsInformation
FH,FHGLRevenueCodeDatas
FH,FHGLTransferLineDatas
FH,FHGeneralLogs
FH,FHGlARFrontDeskPaymentDatas
FH,FHIVRPaymentDatas
FH,FHIVRPaymentUploadFileDatas
FH,FHPageSizes
FH,FHPayrollCompletionTimeLogs
FH,FHPrintFormatKeywords
FH,FHPrintOrientations
FH,FHProcessedReceiptRunDatas
FH,FHProjectDatas
FH,FHReceiptRunBankTransactionMappingDatas
FH,FHReceiptRunJournalMappingDatas
FH,FHReportConfigs
FH,FHReportDataSources
FH,FHReportFilterDatas
FH,FHReportRelatedAccountBreakConfigurations
FH,FHRevenueGLDistributionDatas
FH,FHRevenueReceiptBatchDatas
FH,FHRevenueReceiptDatas
FH,FHRevenueReceiptGLDistributionDatas
FH,FHRevenueReceiptPaymentRecordDatas
FH,FHRevenueRecordDatas
FH,FHStateDatas
FH,FHTaxForm1096ContactPersonData
FH,FHTaxFormPrintTemplates
FH,FHTaxFormYearEndPrintLogs
FH,FHTaxFormYearEndPrintVendorLogs
FH,FHUBRevenueCodeDatas
FH,FHUbARFrontDeskPaymentDatas
FH,FHUbARReceiptBatchDatas
FH,FHUbARReceiptDatas
FH,FHUbARReceiptPaymentDatas
FH,FHUbARReceiptPaymentRecordDatas
FH,FHUbProcessedReceiptRunDatas
FH,FHUbProcessedReceiptRunlogs
FH,FHVendorAttachmentFileDatas
FH,FHVendorGLDistributionDatas
FH,FHVendorPaymentAmountDatas
FH,FHVendorPaymentRefreshLogs
FH,FHVendorSetupDatas
FH,FHVoucherPrintTemplates
FH,FHYearEndDistributionDatas
FH,FHYearEndRollDatas
FH,FH_MigrationHistory
FH,ReportRelatedAccountBreakAccountLineMappings
FH,ReportRelatedAccountBreaks
